step,loss,forward_ms,backward_ms,optimizer_ms,total_ms,ane_execute_ms,ane_dispatches,gradient_norm
1,4.427890300750732,167.5599999998667,336.1159159999261,1398.1218339999941,1901.797749999787,126.37977299891645,580,41.383043818440605
2,2.3918521404266357,176.6472919998705,310.23987500020667,1620.9497499999088,2107.836916999986,149.23976200179823,580,35.75663863735726
3,1.0139636993408203,158.93474999984392,269.01391599994895,754.7462920001635,1182.6949579999564,147.13940099954925,580,24.720008840039114
4,0.3392099440097809,90.53433299959579,272.2725420003371,837.0812919997661,1199.888166999699,139.83916099823546,580,11.53536377293878
5,0.053212616592645645,170.3941250002572,266.0738750000746,840.4657499995665,1276.9337499998983,146.8327930037958,580,3.7689986771364374
6,0.00446548406034708,102.51749999997628,250.19045799990636,778.7777500002449,1131.4857080001275,139.41453900361012,580,0.5607414733948046
7,0.00042094470700249076,99.43358300006366,250.83266699994056,752.7950829999099,1103.0613329999142,138.38129399709942,580,0.027968674978439613
8,0.00044319662265479565,112.48612499957744,258.73012500005643,671.7842920002113,1043.0005419998452,138.95688600086942,580,0.054898471215339265
9,0.00034006539499387145,106.2710840001273,245.40466599955835,610.8387090002907,962.5144589999763,131.36867299863297,580,0.031301781698005716
10,0.00026652467204257846,102.2751249997782,258.20616700002574,701.6770420000285,1062.1583339998324,127.77178199849004,580,0.01938649426016679
